{
  "$schema": "http://schema.management.azure.com/schemas/2014-04-01-preview/deploymentTemplate.json#",
  "contentVersion": "1.0.0.0",
  "parameters": {
    "location": {
      "type": "string",
      "defaultValue": "eastus",
      "allowedValues": [
        "australiaeast",
        "eastus",
        "westeurope"
      ],
      "metadata": {
        "description": "Location for the resources."
      }
    },
    "funcname": {
      "type": "string",
      "metadata": {
        "description": "Name of the Azure Function that hosts the code. Must be globally unique"
      },
      "defaultValue": ""
    },
    "storageName": {
      "type": "string",
      "metadata": {
        "description": "Name of the storage account that hosts the function. Must be globally unique. The field can contain only lowercase letters and numbers. Name must be between 3 and 24 characters"
      },
      "defaultValue": ""
    },
    "zipFileBlobUri": {
      "type": "string",
      "defaultValue": "https://github.com/Azure/azure-quickstart-templates/tree/master/101-custom-rp-with-function/artifacts/functionzip/functionpackage.zip",
      "metadata": {
        "description": "The Uri to the uploaded function zip file"
      }
    }
  },
  "variables": {
    "customrpApiversion": "2018-09-01-preview",
    "customProviderName": "public",
    "serverFarmName": "functionPlan"
  },
  "resources": [
  ],
  "outputs": {}
}