{
	"views": [
		{
			"kind": "Overview",
			"properties": {
				"header": "Welcome to your Demo Azure Managed Application",
				"description": "This Managed application with Custom Provider is for demo purposes only.",
				"commands": [
					{
						"displayName": "Ping Action",
						"path": "/customping",
						"icon": "LaunchCurrent"
					}
				]
			}
		},
		{
			"kind": "CustomResources",
			"properties": {
				"displayName": "VirtualMachines",
				"version": "1.0.0.0",
				"resourceType": "public/VirtualMachines",
				"createUIDefinition": {
					"parameters": {
						"steps": [
							{
								"name": "add",
								"label": "Add Vm",
								"elements": [
									{
										"name": "name",
										"label": "User's Full Name",
										"type": "Microsoft.Common.TextBox",
										"defaultValue": "",
										"toolTip": "Provide a full user name.",
										"constraints": {
											"required": true
										}
									},
									{
										"name": "location",
										"label": "User's Location",
										"type": "Microsoft.Common.TextBox",
										"defaultValue": "",
										"toolTip": "Provide a Location.",
										"constraints": {
											"required": true
										}
									}
								]
							}
						],
						"outputs": {
							"name": "[steps('add').name]",
							"properties": {
								"FullName": "[steps('add').name]",
								"Location": "[steps('add').location]"
							}
						}
					}
				},
				"commands": [
					{
						"displayName": "Backup Policy",
						"path": "VirtualMachines/BackupPolicies",
						"icon": "Stop",
						"createUIDefinition": {
							"parameters": {
								"steps": [
									{
										"name": "Basic",
										"label": "Basics",
										"elements": [
											{
												"name": "Backup Policy",
												"label": "Policy",
												"type": "Microsoft.Common.TextBox",
												"defaultValue": "",
												"toolTip": "Select backup policy",
												"constraints": {
													"required": true
												}
											}
										]
									}
								],
								"outputs": {
									"name": "[steps('Basic').name]",
									"properties": {
										"FullName": "[steps('Basic').name]"
									}
								}
							}
						}
					}
				],
				"columns": [
					{
						"key": "properties.FriendlyName",
						"displayName": "Full Name"
					},
					{
						"key": "properties.Status",
						"displayName": "Status"
					},
					{
						"key": "properties.PrivateIpAddress",
						"displayName": "Priavte IP",
						"optional": true
					}
				]
			}
		}
	]
}