{
	"views": [
		{
			"kind": "Overview",
			"properties": {
				"header": "Welcome to your Demo Azure Managed Application",
				"description": "This Managed application with Custom Provider is for demo purposes only.",
				"commands": [
					{
						"displayName": "Ping Action",
						"path": "/customping",
						"icon": "LaunchCurrent"
					}
				]
			}
		},
		{
			"kind": "CustomResources",
			"properties": {
				"displayName": "VirtualMachines",
				"version": "1.0.0.0",
				"resourceType": "VirtualMachines",
				"createUIDefinition": {
					"handler": "Microsoft.Azure.CreateUIDef",
					"parameters": {
						"steps": [
							{
								"name": "basic",
								"label": "Basic",
								"elements": [
									{
										"name": "name",
										"label": "Name",
										"type": "Microsoft.Common.TextBox",
										"defaultValue": "",
										"toolTip": "Provide a instance name",
										"constraints": {
											"required": true
										}
									},
									{
										"name": "type",
										"type": "Microsoft.Common.DropDown",
										"label": "Instance Type",
										"placeholder": "",
										"defaultValue": "Standard_D2_v2",
										"toolTip": "",
										"constraints": {
											"allowedValues": [
												{
													"label": "Standard_D2_v2",
													"value": "Standard_D2_v2"
												},
												{
													"label": "Standard_A2_v2",
													"value": "Standard_A2_v2"
												}
											],
											"required": true
										},
										"visible": true
									},
									{
										"name": "imageid",
										"type": "Microsoft.Common.DropDown",
										"label": "Image ID",
										"placeholder": "",
										"defaultValue": "16.04-LTS;Canonical;UbuntuServer",
										"toolTip": "",
										"constraints": {
											"allowedValues": [
												{
													"label": "Ubuntu 16",
													"value": "16.04-LTS;Canonical;UbuntuServer"
												},
												{
													"label": "Server2016",
													"value": "2016-Datacenter;MicrosoftWindowsServer;WindowsServer"
												}
											],
											"required": true
										},
										"visible": true
									}
								]
							},
							{
								"name": "networking",
								"label": "Networking",
								"elements": [
									{
										"name": "publicip",
										"type": "Microsoft.Common.CheckBox",
										"label": "Public IP",
										"constraints": {}
									},
									{
										"name": "joinDomain",
										"type": "Microsoft.Common.CheckBox",
										"label": "Join Domain",
										"constraints": {}
									},
									{
										"name": "joinLogAnalyticsWs",
										"type": "Microsoft.Common.CheckBox",
										"label": "Join LogAnalytic Workspace",
										"constraints": {}
									},
									{
										"name": "subnetsApi",
										"type": "Microsoft.Solutions.ArmApiControl",
										"request": {
											"method": "GET",
											"path":"resourceGroup().id/providers/Microsoft.CustomProviders/resourceProviders/public/VirtualMachines?api-version=2018-09-01-preview"
										}
									},
									{
										"name": "subnets",
										"type": "Microsoft.Common.DropDown",
										"label": "Subnets",
										"toolTip": "Subnet to reside the instance",
										"constraints": {
											"allowedValues": "[map(steps('networking').subnetsApi.value, (item) => parse(concat('{\"label\":\"', item.name, '\",\"value\":\"', item.name, '\"}')))]",
											"required": true
										},
										"visible": true
									},
									{
										"name": "providersApi",
										"type": "Microsoft.Solutions.ArmApiControl",
										"request": {
											"method": "GET",
											"path": "[concat(subscription().id, '/providers/Microsoft.Network/expressRouteServiceProviders?api-version=2019-02-01')]"
										}
									},
									{
										"name": "providerDropDown",
										"type": "Microsoft.Common.DropDown",
										"label": "Provider",
										"toolTip": "The provider that offers the express route connection.",
										"constraints": {
											"allowedValues": "[map(steps('networking').providersApi.value, (item) => parse(concat('{\"label\":\"', item.name, '\",\"value\":\"', item.name, '\"}')))]",
											"required": true
										},
										"visible": true
									}
								]
							},
							{
								"name": "advanced",
								"label": "Advanced",
								"elements": [
									{
										"name": "encryption",
										"type": "Microsoft.Common.CheckBox",
										"label": "Encrypt",
										"constraints": {}
									},
									{
										"name": "disksize",
										"label": "Size",
										"type": "Microsoft.Common.TextBox",
										"defaultValue": "30",
										"toolTip": "Provide the Disk Size",
										"constraints": {
											"required": true
										}
									},
									{
										"name": "userdata",
										"label": "User Data",
										"type": "Microsoft.Common.TextBox",
										"defaultValue": "",
										"toolTip": "User data",
										"constraints": {}
									}
								]
							}
						],
						"outputs": {
							"name": "[steps('add').name]",
							"properties": {
								"FullName": "[steps('add').name]",
								"Location": "[steps('add').location]"
							}
						}
					}
				},
				"commands": [
					{
						"displayName": "Backup Policy",
						"path": "VirtualMachines/BackupPolicies",
						"icon": "Stop",
						"createUIDefinition": {
							"parameters": {
								"steps": [
									{
										"name": "Basic",
										"label": "Basics",
										"elements": [
											{
												"name": "Backup Policy",
												"label": "Policy",
												"type": "Microsoft.Common.TextBox",
												"defaultValue": "",
												"toolTip": "Select backup policy",
												"constraints": {
													"required": true
												}
											}
										]
									}
								],
								"outputs": {
									"name": "[steps('Basic').name]",
									"properties": {
										"FullName": "[steps('Basic').name]"
									}
								}
							}
						}
					}
				],
				"columns": [
					{
						"key": "properties.FriendlyName",
						"displayName": "Full Name"
					},
					{
						"key": "properties.Status",
						"displayName": "Status"
					},
					{
						"key": "properties.PrivateIpAddress",
						"displayName": "Priavte IP",
						"optional": true
					}
				]
			}
		}
	]
}