{
    "$schema": "https://schema.management.azure.com/schemas/2019-04-01/deploymentTemplate.json#",
    "contentVersion": "1.0.0.0",
    "parameters": {
        "location": {
            "type": "string",
			"defaultValue": "eastus",
            "allowedValues": [ "australiaeast", "eastus", "westeurope" ],
            "metadata": {
                "description": "Location for the resources."
            }
        },
        "deployFunction": {
            "type": "bool",
            "defaultValue": true,
            "metadata": {
                "description": "Determines whether to deploy the function app and create the custom RP."
            }
        },
        "funcName": {
            "type": "string",
            "defaultValue": "[uniqueString(resourceGroup().id)]",
            "metadata": {
                "description": "Name of the function app to be created."
            }
        },
        "storageAccountName": {
            "type": "string",
            "defaultValue": "[uniqueString(resourceGroup().id)]",
            "metadata": {
                "description": "Name of the storage account for storing custom resources in the function app."
            }
        },
        "azureCustomResourceName": {
            "type": "string",
			"defaultValue": "myuser",
            "metadata": {
                "description": "Name of the custom resource that is being created."
            }
        },
        "myCustomPropertyValue": {
            "type": "string",
			"defaultValue": "earth",
            "metadata": {
                "description": "The custom property value for the custom property on the custom resource."
            }
        },
        "_artifactsLocation": {
            "type": "string",
            "metadata": {
                "description": "The base URI where artifacts required by this template are located. When the template is deployed using the accompanying scripts, a private location in the subscription will be used and this value will be automatically generated."
            },
            "defaultValue": "https://raw.githubusercontent.com/Azure/azure-quickstart-templates/master/101-custom-rp-with-function/"
        },
        "_artifactsLocationSasToken": {
            "type": "securestring",
            "metadata": {
                "description": "The sasToken required to access _artifactsLocation.  When the template is deployed using the accompanying scripts, a sasToken will be automatically generated."
            },
            "defaultValue": ""
        }
    },
    "variables": {},
    "resources": [
        {
            "condition": "[parameters('deployFunction')]",
            "type": "Microsoft.Storage/storageAccounts",
            "apiVersion": "2018-02-01",
            "name": "[parameters('storageAccountName')]",
            "location": "[parameters('location')]",
            "kind": "StorageV2",
            "sku": {
                "name": "Standard_LRS"
            }
        },
        {
            "condition": "[parameters('deployFunction')]",
            "type": "Microsoft.Web/sites",
            "apiVersion": "2018-02-01",
            "name": "[parameters('funcName')]",
            "location": "[parameters('location')]",
            "kind": "functionapp",
            "dependsOn": [
                "[resourceId('Microsoft.Storage/storageAccounts', parameters('storageAccountName'))]"
            ],
            "properties": {
                "name": "[parameters('funcName')]",
                "siteConfig": {
                    "appSettings": [
                        {
                            "name": "AzureWebJobsDashboard",
                            "value": "[concat('DefaultEndpointsProtocol=https;AccountName=',parameters('storageAccountName'),';AccountKey=',listKeys(resourceId('Microsoft.Storage/storageAccounts', parameters('storageAccountName')), '2018-02-01').keys[0].value)]"
                        },
                        {
                            "name": "AzureWebJobsStorage",
                            "value": "[concat('DefaultEndpointsProtocol=https;AccountName=',parameters('storageAccountName'),';AccountKey=',listKeys(resourceId('Microsoft.Storage/storageAccounts', parameters('storageAccountName')), '2018-02-01').keys[0].value)]"
                        },
                        {
                            "name": "AzureWebJobsSecretStorageType",
                            "value": "Files"
                        },
                        {
                            "name": "FUNCTIONS_EXTENSION_VERSION",
                            "value": "~2"
                        },
                        {
                            "name": "WEBSITE_CONTENTAZUREFILECONNECTIONSTRING",
                            "value": "[concat('DefaultEndpointsProtocol=https;AccountName=',parameters('storageAccountName'),';AccountKey=',listKeys(resourceId('Microsoft.Storage/storageAccounts', parameters('storageAccountName')), '2018-02-01').keys[0].value)]"
                        },
                        {
                            "name": "WEBSITE_CONTENTSHARE",
                            "value": "[concat(toLower(parameters('funcName')), 'b86e')]"
                        },
                        {
                            "name": "WEBSITE_NODE_DEFAULT_VERSION",
                            "value": "6.5.0"
                        },
                        {
                            "name": "WEBSITE_RUN_FROM_PACKAGE",
                            "value": "[uri(parameters('_artifactsLocation'), concat('artifacts/functionzip/functionpackage.zip', parameters('_artifactsLocationSasToken')))]"
                        }
                    ]
                },
                "clientAffinityEnabled": false,
                "reserved": false
            }
        },
        {
            "condition": "[parameters('deployFunction')]",
            "type": "Microsoft.CustomProviders/resourceProviders",
            "apiVersion": "2018-09-01-preview",
            "name": "public",
            "location": "[parameters('location')]",
            "dependsOn": [
                "[resourceId('Microsoft.Web/sites', parameters('funcName'))]"
            ],
            "properties": {
                "actions": [
                    {
                        "name": "ping",
                        "routingType": "Proxy",
                        "endpoint": "[listSecrets(resourceId('Microsoft.Web/sites/functions', parameters('funcName'), 'HttpTrigger1'), '2018-02-01').trigger_url]"
                    }
                ],
                "resourceTypes": [
                    {
                        "name": "users",
                        "routingType": "Proxy",
                        "endpoint": "[listSecrets(resourceId('Microsoft.Web/sites/functions', parameters('funcName'), 'HttpTrigger1'), '2018-02-01').trigger_url]"
                    }
                ]
            }
        },
        {
            "type": "Microsoft.CustomProviders/resourceProviders/users",
            "name": "[concat('public', '/', parameters('azureCustomResourceName'))]",
            "apiVersion": "2018-09-01-preview",
            "location": "[parameters('location')]",
            "dependsOn": [
                "[resourceId('Microsoft.CustomProviders/resourceProviders', 'public')]"
            ],
            "properties": {
                "FullName": "myuser",
                "Location": "earth"
            }
        }
    ],
    "outputs": { }
}