{
	"views": [
		{
			"kind": "Overview",
			"properties": {
				"header": "Welcome to your Demo Azure Managed Application",
				"description": "This Managed application with Custom Provider is for demo purposes only.",
				"commands": [
					{
						"displayName": "Ping Action",
						"path": "/customping",
						"icon": "LaunchCurrent"
					}
				]
			}
		},
		{
			"kind": "CustomResources",
			"properties": {
				"displayName": "VirtualMachines",
				"version": "1.0.0.0",
				"resourceType": "VirtualMachines",
				"createUIDefinition": {
					"handler": "Microsoft.Azure.CreateUIDef",
					"parameters": 
					{
						"config": {
							"isWizard": true,
							"basics": {
								"description": "Customized description with **markdown**, see [more](https://www.microsoft.com).",
								"subscription": {
									"constraints": {
										"validations": [
											{
												"isValid": "[expression for checking]",
												"message": "Please select a valid subscription."
											},
											{
												"permission": "<Resource Provider>/<Action>",
												"message": "Must have correct permission to complete this step."
											}
										]
									},
									"resourceProviders": [
										"<Resource Provider>"
									],
									"visible": false
								},
								"resourceGroup": {
									"constraints": {
										"validations": [
											{
												"isValid": "[expression for checking]",
												"message": "Please select a valid resource group."
											}
										]
									},
									"allowExisting": true,
									"visible": false
								},
								"location": {
									"label": "Custom label for location",
									"toolTip": "provideausefultooltip",
									"resourceTypes": [
										"Microsoft.Compute/virtualMachines"
									],
									"allowedValues": [
										"eastus",
										"westus2"
									],
									"visible": false
								}
							}
						},
						"basics": [
							
						],
						"steps": [
							{
								"name": "basic",
								"label": "Basic",
								"elements":[
									{
										"name": "name",
										"label": "Name",
										"type": "Microsoft.Common.TextBox",
										"defaultValue": "",
										"toolTip": "[concat(subscription().id, '/resourceGroups/', resourceGroup().name, '/providers/Microsoft.CustomProviders/resourceProviders/public/RebootAzureHost?api-version=2018-09-01-preview')]",
										"constraints": {
											"required": true
										}
									},
									{
										"name": "type",
										"type": "Microsoft.Common.DropDown",
										"label": "Instance Type",
										"placeholder": "",
										"defaultValue": "Standard_D2_v2",
										"toolTip": "",
										"constraints": {
											"allowedValues": [
												{
													"label": "Standard_D2_v2",
													"value": "Standard_D2_v2"
												},
												{
													"label": "Standard_A2_v2",
													"value": "Standard_A2_v2"
												}
											],
											"required": true
										},
										"visible": true
									},
									{
										"name": "imageid",
										"type": "Microsoft.Common.DropDown",
										"label": "Image ID",
										"placeholder": "",
										"defaultValue": "16.04-LTS;Canonical;UbuntuServer",
										"toolTip": "",
										"constraints": {
											"allowedValues": [
												{
													"label": "Ubuntu 16",
													"value": "16.04-LTS;Canonical;UbuntuServer"
												},
												{
													"label": "Server2016",
													"value": "2016-Datacenter;MicrosoftWindowsServer;WindowsServer"
												}
											],
											"required": true
										},
										"visible": true
									}
								]
							},
							{
								"name": "networking",
								"label": "Networking",
								"elements": [
									{
										"name": "publicip",
										"type": "Microsoft.Common.OptionsGroup",
										"defaultValue": false,
                                        "constraints": {
                                            "allowedValues": [
                                                {
                                                    "label": "Yes",
                                                    "value": true
                                                },
                                                {
                                                    "label": "No",
                                                    "value": false
                                                }
                                            ],
                                            "required": true
                                        },
										"label": "Public IP"
									},
									{
										"name": "joinDomain",
										"label": "Join Domain",
										"type": "Microsoft.Common.OptionsGroup",
										"defaultValue": false,
                                        "constraints": {
                                            "allowedValues": [
                                                {
                                                    "label": "Yes",
                                                    "value": true
                                                },
                                                {
                                                    "label": "No",
                                                    "value": false
                                                }
                                            ],
                                            "required": true
                                        }
									},
									{
										"name": "joinLogAnalyticsWs",
										"label": "Join LogAnalytic Workspace",
										"type": "Microsoft.Common.OptionsGroup",
										"defaultValue": false,
                                        "constraints": {
                                            "allowedValues": [
                                                {
                                                    "label": "Yes",
                                                    "value": true
                                                },
                                                {
                                                    "label": "No",
                                                    "value": false
                                                }
                                            ],
                                            "required": true
                                        }
									},
									{
										"name": "subnetsApi",
										"type": "Microsoft.Solutions.ArmApiControl",
										"request": {
											"method": "POST",
											"path":"[concat(subscription().id, '/resourceGroups/', resourceGroup().name, '/providers/Microsoft.CustomProviders/resourceProviders/public/RebootAzureHost?api-version=2018-09-01-preview')]",																					
											"body": {
												"BackendUrl": "GetAzureTenantSubnets",
												"Method": "GET"
											}
										}	
									},
									{
										"name": "subnets",
										"type": "Microsoft.Common.DropDown",
										"label": "Subnetsv2",
										"toolTip": "[concat(subscription().id, '/resourceGroups/', resourceGroup().name, '/providers/Microsoft.CustomProviders/resourceProviders/public/RebootAzureHost?api-version=2018-09-01-preview')]",
										"constraints": {
											"allowedValues": "[map(steps('networking').subnetsApi.value, (item) => parse(concat('{\"label\":\"', item.NameEx, '\",\"value\":\"', item.NameEx, '\"}')))]",
											"required": true
										},
										"visible": true
									}
								]
							},
							{
								"name": "advanced",
								"label": "Advanced",
								"elements": [
									{
										"name": "encryption",
										"label": "Encrypt",
										"type": "Microsoft.Common.OptionsGroup",
										"defaultValue": false,
                                        "constraints": {
                                            "allowedValues": [
                                                {
                                                    "label": "Yes",
                                                    "value": true
                                                },
                                                {
                                                    "label": "No",
                                                    "value": false
                                                }
                                            ],
                                            "required": true
                                        }
									},
									{
										"name": "disksize",
										"label": "Size",
										"type": "Microsoft.Common.TextBox",
										"defaultValue": "30",
										"toolTip": "Provide the Disk Size",
										"constraints": {
											"required": true
										}
									},
									{
										"name": "userdata",
										"label": "User Data",
										"type": "Microsoft.Common.TextBox",
										"defaultValue": "",
										"toolTip": "User data",
										"constraints": {}
									},
									{
										"name": "tags",
										"type": "Microsoft.Common.EditableGrid",
										"ariaLabel": "Enter information about disks",
										"label": "Tags",
										"constraints": {
											"width": "Full",
											"rows": {
												"count": {
													"min": 0,
													"max": 10
												}
											},
											"columns": [
												{
													"id": "colName",
													"header": "Name",
													"width": "1fr",
													"element": {
														"type": "Microsoft.Common.TextBox",
														"placeholder": "Name",
														"constraints": {
															"required": true,
															"validations": [
																{
																	"regex": "^[a-z0-9A-Z]{1,30}$",
																	"message": "Only alphanumeric characters are allowed, and the value must be 1-30 characters long."
																}
															]
														}
													}
												},
												{
													"id": "colVolumeId",
													"header": "Volume ID",
													"width": "1fr",
													"element": {
														"name": "dropDown1",
														"type": "Microsoft.Common.TextBox",
														"placeholder": "1",
														"constraints": {
															"required": true
														}
													}
												},
												{
													"id": "colSize",
													"header": "Size",
													"width": "1fr",
													"element": {
														"type": "Microsoft.Common.TextBox",
														"placeholder": "100",
														"constraints": {
															"required": true
														}
													}
												}
											]
										}
									}
								]
							}
						],
						"outputs": {
							"FriendlyName": "[steps('basic').name]",
							"Capacity": "[steps('basic').type]",
							"EncryptDisk": "[steps('advanced').encryption]",
							"ImageId": "[steps('basic').imageid]",
							"Base64UserData": "[steps('advanced').userdata]",
							"AllocatedPublicIp": "[steps('networking').publicip]",
							"Cloud": 2,
							"MetaDataEx": {
								"OsDiskSize": "[steps('advanced').disksize]",
								"JoinDomain": "[steps('networking').joinDomain]",
								"JoinLogAnalytics": "[steps('networking').joinLogAnalyticsWs]"
							}
						}
					}
				},
				"commands": [
					{
						"displayName": "Backup Policy",
						"path": "VirtualMachines/BackupPolicies",
						"icon": "Stop",
						"createUIDefinition": {
							"parameters": {
								"steps": [
									{
										"name": "Basic",
										"label": "Basics",
										"elements": [
											{
												"name": "Backup Policy",
												"label": "Policy",
												"type": "Microsoft.Common.TextBox",
												"defaultValue": "",
												"toolTip": "Select backup policy",
												"constraints": {
													"required": true
												}
											}
										]
									}
								],
								"outputs": {
									"name": "[steps('Basic').name]",
									"properties": {
										"FullName": "[steps('Basic').name]"
									}
								}
							}
						}
					}
				],
				"columns": [
					{
						"key": "properties.FriendlyName",
						"displayName": "Full Name"
					},
					{
						"key": "properties.Status",
						"displayName": "Status"
					},
					{
						"key": "properties.PrivateIpAddress",
						"displayName": "Priavte IP",
						"optional": true
					}
				]
			}
		}
	]
}